Building Address,Building Name,Building Park,Submarket Name,Submarket Cluster,County Name,PropertyType,Building Class,Building Status,Year Built,Year Renovated,Number Of Stories,Last Sale Price,Last Sale Date,For Sale Status,For Sale Price,Land Area (AC),Rentable Building Area,Typical Floor Size,Number Of Elevators,Core Factor,Percent Leased,Average Weighted Rent,Services,Total New Space (SF),Total Relet Space (SF),Total Sublet Space (SF),Total Vacant Avail Relet Space (SF),Total Vacant Avail Sublet Space (SF),Max Building Contiguous Space,Max Floor Contiguous Space,Total Available Space (SF),Amenities,Zoning,Number Of Parking Spaces,Parking Ratio,Building Operating Expenses,Building Tax Expenses,Location 1,Borough,Postcode,Latitude,Longitude,Community Board,Council District,Census Tract,BIN,BBL,NTA
688 8th Ave,,,Times Square,Midtown,Manhattan,Retail,,Existing,1920,,5,,,N,,0.06,8484,1696,0,,100,-,,,,,,,,,,,C6-4,,,2008 Tax @ $5.55/sf,2008 Tax @ $5.55/sf,"(40.758218, -73.989059)",1,10036,40.758218,-73.989059,5,3,119,1024704,1010150004,Midtown-Midtown South                                                      
323-325 W 46th St,,,Times Square,Midtown,Manhattan,Retail,,Existing,,,4,,,N,,,8796,1709,0,,100,-,,,,,,,,,,,,,,,,"(40.760167, -73.988792)",1,10036,40.760167,-73.988792,4,3,127,1080892,1010370020,Clinton                                                                    
765 Eighth Ave,,,Times Square,Midtown,Manhattan,Retail,,Existing,1920,,5,,,N,,0.0574,10271,2054,0,,100,-,,,,,,,,,,,C6-4,,,2009 Tax @ $5.81/sf,2009 Tax @ $5.81/sf,"(40.76029, -73.987572)",1,10036,40.76029,-73.987572,4,3,127,1025055,1010370035,Clinton                                                                    
713 8th Ave,,,Times Square,Midtown,Manhattan,Office,B,Existing,,,3,,,N,,,25318,8439,0,,100,-,,,,,,,,,,,,,,"2011 Tax @ $11.77/sf, 2010 Est Tax @ $11.38/sf; 2011 Est Ops @ $17.25/sf","2011 Tax @ $11.77/sf, 2010 Est Tax @ $11.38/sf; 2011 Est Ops @ $17.25/sf","(40.759011, -73.988514)",1,10036,40.759011,-73.988514,4,3,121,1024992,1010350036,Clinton                                                                    
249 W 48th St,,,Times Square,Midtown,Manhattan,Retail,,Existing,,,2,,,N,,,10000,5000,0,,100,-,,,,,,,,,,,,,,,,"(40.76057, -73.98589)",1,10036,40.76057,-73.98589,5,3,125,,,Midtown-Midtown South                                                      
130 W 42nd St,Bush Tower,,Penn Plaza/Garment,Midtown,Manhattan,Office,B,Existing,1917,,30,,,N,,0.2261,226500,7004,9,,96.91,Negotiable,Direct - Plus Electric,,13000,0,7000,0,6000,6000,13000,"24/7 Building Access, Bus Line, Concierge, Metro/Subway, On Site Management, Property Manager on Site",C6-7,,,"2010 Tax @ $6.01/sf, 2011 Est Tax @ $0.52/sf; 2011 Ops @ $1.09/sf, 2010 Est Ops @ $15.59/sf","2010 Tax @ $6.01/sf, 2011 Est Tax @ $0.52/sf; 2011 Ops @ $1.09/sf, 2010 Est Ops @ $15.59/sf","(40.755278, -73.985172)",1,10036,40.755278,-73.985172,5,4,113,1022577,1009940045,Midtown-Midtown South                                                      
687 8th Ave,,,Times Square,Midtown,Manhattan,Retail,,Existing,1920,,4,4100000,5/16/1998,N,,0.0465,5588,1587,0,,100,-,,,,,,,,,,,"C6-4, New York",,,2011 Tax @ $36.10/sf; 2011 Est Ops @ $20.58/sf,2011 Tax @ $36.10/sf; 2011 Est Ops @ $20.58/sf,"(40.758152, -73.989131)",1,10036,40.758152,-73.989131,4,3,121,1024968,1010340031,Clinton                                                                    
825 Eighth Ave,Worldwide Plaza,,Times Square,Midtown,Manhattan,Office,A,Existing,1989,,47,605000000,7/21/2005,N,,1.3774,1900000,60000,27,,99.91,Negotiable,,,72362,33116,1685,33116,68288,34144,105478,"Banking, Concierge, Corner Lot, Energy Star Labeled, Fitness Center, Food Court, Metro/Subway, On Site Management, Property Manager on Site, Restaurant","C62, New York",,0.3,"2010 Tax @ $12.23/sf, 2011 Est Tax @ $12.22/sf; 2001 Ops @ $12.11/sf, 2011 Est Ops @ $11.18/sf","2010 Tax @ $12.23/sf, 2011 Est Tax @ $12.22/sf; 2001 Ops @ $12.11/sf, 2011 Est Ops @ $11.18/sf","(40.762074, -73.986275)",1,10019,40.762074,-73.986275,4,3,127,1076203,1010400029,Clinton                                                                    
219-235 W 40th St,,,Times Square,Midtown,Manhattan,Office,C,Existing,1923,,5,59990000,7/13/2000,N,,0.1148,25000,4696,0,,100,-,,,,,,,,,,,M1-6,,,2011 Tax @ $36.04/sf; 2011 Est Ops @ $209.70/sf,2011 Tax @ $36.04/sf; 2011 Est Ops @ $209.70/sf,"(40.755092, -73.988674)",1,10018,40.755092,-73.988674,5,3,113,1080830,1010120015,Midtown-Midtown South                                                      
760 Eighth Ave,,,Times Square,Midtown,Manhattan,Retail,,Existing,1928,,3,,,N,,0.1837,15000,5000,0,,100,-,,,,,,,,,,Signalized Intersection,C6-4,,,2010 Tax @ $24.08/sf; 2010 Ops @ $17.70/sf,2010 Tax @ $24.08/sf; 2010 Ops @ $17.70/sf,"(40.760117, -73.987673)",1,10036,40.760117,-73.987673,5,3,125,1024748,1010180061,Midtown-Midtown South                                                      
120 W 45th St,Tower 45,,Times Square,Midtown,Manhattan,Office,A,Existing,1989,,40,,,N,,0.3558,443956,11098,9,,86.46,62.05,Direct - Plus Electric,,84578,37376,60125,26626,26626,13313,121954,"Atrium, Commuter Rail, Concierge, Courtyard, On Site Management, Property Manager on Site, Restaurant",C6-5.5,,,"2010 Tax @ $12.22/sf, 2011 Est Tax @ $12.22/sf; 2011 Ops @ $17.30/sf, 2010 Est Ops @ $17.57/sf","2010 Tax @ $12.22/sf, 2011 Est Tax @ $12.22/sf; 2011 Ops @ $17.30/sf, 2010 Est Ops @ $17.57/sf","(40.757117, -73.983544)",1,10036,40.757117,-73.983544,5,4,119,1069581,1009970041,Midtown-Midtown South                                                      
711 7th Ave,,,Times Square,Midtown,Manhattan,Retail,,Existing,1925,,2,,,N,,0.1377,7381,3691,0,,100,-,,,,,,,,,,,C6-7T,,,2009 Tax @ $55.68/sf,2009 Tax @ $55.68/sf,"(40.759543, -73.98437)",1,10036,40.759543,-73.98437,5,4,125,1022687,1010000064,Midtown-Midtown South                                                      
729 Seventh Ave,,,Times Square,Midtown,Manhattan,Office,B,Existing,1915,1984,18,29000000,6/30/2001,N,,0.2479,163400,10800,6,,87.82,45.38,Direct - Plus Electric,,32347,1400,19907,0,10990,10800,33747,"24/7 Building Access, Concierge","C6-7.5,New York,(R0)",,,,,"(40.760103, -73.983973)",1,10019,40.760103,-73.983973,5,4,125,1022699,1010017501,Midtown-Midtown South                                                      
810 Seventh Ave,,,Columbus Circle,Midtown,Manhattan,Office,A,Existing,1970,,41,147712500,12/30/1993,N,,0.564,748023,16444,13,,92.37,64.9,Direct - Plus Electric,,96834,0,57077,0,22437,22437,96834,"Atrium, Concierge, Conferencing Facility, Food Service, Metro/Subway, Property Manager on Site, Restaurant","C6-7, New York",,0.46,"2010 Tax @ $10.56/sf, 2011 Est Tax @ $10.45/sf; 2001 Ops @ $15.23/sf, 2011 Est Ops @ $18.50/sf","2010 Tax @ $10.56/sf, 2011 Est Tax @ $10.45/sf; 2001 Ops @ $15.23/sf, 2011 Est Ops @ $18.50/sf","(40.762639, -73.982146)",1,10019,40.762639,-73.982146,5,4,131,1024828,1010240038,Midtown-Midtown South                                                      
257-259 W 47th St,,,Times Square,Midtown,Manhattan,Retail,,Existing,1930,,4,1208500,2/1/1994,N,,0.125,20072,5307,1,,100,-,,,,,,,,,,,C6-5,160,,2009 Tax @ $4.88/sf,2009 Tax @ $4.88/sf,"(40.759944, -73.986355)",1,10036,40.759944,-73.986355,5,3,125,1024754,1010190008,Midtown-Midtown South                                                      
1560 Broadway,Actor's Equity Bldg,,Times Square,Midtown,Manhattan,Office,B,Existing,1924,,17,,,N,,0.2479,212500,15000,7,,98.64,35.36,Direct - Plus Electric,,7406,5000,2894,0,5000,5000,12406,"Corner Lot, On Site Management, Property Manager on Site, Restaurant",C6-7T,,,"2011 Tax @ $6.69/sf; 2011 Ops @ $19.40/sf, 2010 Est Ops @ $17.95/sf","2011 Tax @ $6.69/sf; 2011 Ops @ $19.40/sf, 2010 Est Ops @ $17.95/sf","(40.75886, -73.984843)",1,10036,40.75886,-73.984843,5,4,125,1022661,1009990003,Midtown-Midtown South                                                      
719 7th Ave,,,Times Square,Midtown,Manhattan,Retail,,Existing,1927,,3,,,N,,0.0453,4998,1666,0,,100,-,,,,,,,,,,,C6-7T,,,2009 Tax @ $65.22/sf,2009 Tax @ $65.22/sf,"(40.759743, -73.984233)",1,10036,40.759743,-73.984233,5,4,125,1000000,1010000061,Midtown-Midtown South                                                      
155 W 46th St,,,Times Square,Midtown,Manhattan,Office,C,Existing,1927,,7,,,N,,0.0459,12600,1800,1,,100,28,Direct - Plus Electric,,1800,0,0,0,1800,1800,1800,,C6-7T,,,,,"(40.758031, -73.983746)",1,10036,40.758031,-73.983746,5,4,125,1022662,1009990008,Midtown-Midtown South                                                      
1515 Broadway,One Astor Plaza,,Times Square,Midtown,Manhattan,Office,A,Existing,1972,,54,544500000,4/27/2007,N,,1.5014,1750000,32407,32,,100,Negotiable,Direct - Plus Electric,,0,4000,0,0,2000,2000,4000,"24/7 Building Access, Bus Line, Metro/Subway, On Site Management, Property Manager on Site","C6, New York",,0.12,"2010 Tax @ $11.64/sf, 2011 Est Tax @ $11.42/sf; 2001 Ops @ $19.45/sf, 2011 Est Ops @ $12.75/sf","2010 Tax @ $11.64/sf, 2011 Est Tax @ $11.42/sf; 2001 Ops @ $19.45/sf, 2011 Est Ops @ $12.75/sf","(40.757636, -73.985804)",1,10036,40.757636,-73.985804,5,3,119,1024714,1010160036,Midtown-Midtown South                                                      
344 W 46th St,,,Times Square,Midtown,Manhattan,Retail,,Existing,1920,,3,2000000,9/19/2000,N,,0.0461,3464,1154,0,,100,-,,,,,,,,,,Street parking only,"R8,New York,(K4)",,,2010 Tax @ $12.27/sf; 2010 Est Ops @ $16.24/sf,2010 Tax @ $12.27/sf; 2010 Est Ops @ $16.24/sf,"(40.760342, -73.989247)",1,10036,40.760342,-73.989247,4,3,121,1025022,1010360051,Clinton                                                                    
620 Eighth Ave,New York Times,,Times Square,Midtown,Manhattan,Office,A,Existing,2007,,52,225000000,3/5/2005,N,,1.8365,1500000,33143,28,,100,Negotiable,,,0,93985,0,30917,63068,31534,93985,"Atrium, Bus Line, Conferencing Facility, Metro/Subway, On Site Management, Security System, Signage",M1-6,,,2009 Est Ops @ $22.50/sf,2009 Est Ops @ $22.50/sf,"(40.756039, -73.990651)",1,10018,40.756039,-73.990651,5,3,113,1087186,1010127501,Midtown-Midtown South                                                      
701 Seventh Ave,,,Times Square,Midtown,Manhattan,Office,C,Existing,1910,,10,,,N,,0.3116,112000,11200,1,,81.61,Negotiable,Direct - Plus Electric,,20600,0,20600,0,6437,6437,20600,,C6-7T,,,"2011 Tax @ $7.32/sf; 2011 Ops @ $8.58/sf, 2010 Est Ops @ $9.33/sf","2011 Tax @ $7.32/sf; 2011 Ops @ $8.58/sf, 2010 Est Ops @ $9.33/sf","(40.759293, -73.984543)",1,10036,40.759293,-73.984543,5,4,125,1083718,1010000001,Midtown-Midtown South                                                      
1650 Broadway,,,Columbus Circle,Midtown,Manhattan,Office,B,Existing,1922,,13,,,N,,0.1784,107075,8305,4,,100,-,,,,,,,,,,,C6-7.5,,,"2011 Tax @ $6.56/sf; 2001 Ops @ $16.14/sf, 2011 Est Ops @ $17.74/sf","2011 Tax @ $6.56/sf; 2001 Ops @ $16.14/sf, 2011 Est Ops @ $17.74/sf","(40.761964, -73.983684)",1,10019,40.761964,-73.983684,5,4,131,1024811,1010220035,Midtown-Midtown South                                                      
1530 Broadway,,,Times Square,Midtown,Manhattan,Retail,,Existing,1936,2001,4,,,N,,1.021,119000,29750,0,,100,-,,,,,,,,,,,C6-7T,,,2010 Tax @ $57.57/sf; 2010 Est Ops @ $30.57/sf,2010 Tax @ $57.57/sf; 2010 Est Ops @ $30.57/sf,"(40.757674, -73.985121)",1,10036,40.757674,-73.985121,5,4,119,1022624,1009970001,Midtown-Midtown South                                                      
250 W 49th St,,,Times Square,Midtown,Manhattan,Office,C,Existing,1907,,8,13100000,8/28/1999,N,,0.1837,64000,8000,2,,100,-,Direct - Plus Electric,,,,,,,,,"On Site Management, Property Manager on Site","C6-5, New York",,,"2011 Tax @ $6.20/sf; 2011 Ops @ $12.80/sf, 2010 Est Ops @ $10.91/sf","2011 Tax @ $6.20/sf; 2011 Ops @ $12.80/sf, 2010 Est Ops @ $10.91/sf","(40.761193, -73.985478)",1,10019,40.761193,-73.985478,5,3,125,1024785,1010200059,Midtown-Midtown South                                                      
218-220 W 42nd St,Candler Tower,42nd Street Retail Shops,Times Square,Midtown,Manhattan,Office,B,Existing,1921,,25,208000000,6/20/2002,N,,0.3482,227685,11833,8,,99.03,Negotiable,,,2200,39190,2200,0,23266,11833,41390,"24/7 Building Access, Balconies, Concierge, Energy Star Labeled","C6-7, New York, O3",,,"2010 Tax @ $10.66/sf, 2011 Est Tax @ $13.81/sf; 2000 Ops @ $4.24/sf, 2011 Est Ops @ $21.83/sf","2010 Tax @ $10.66/sf, 2011 Est Tax @ $13.81/sf; 2000 Ops @ $4.24/sf, 2011 Est Ops @ $21.83/sf","(40.756382, -73.987789)",1,10036,40.756382,-73.987789,5,3,113,1024662,1010130041,Midtown-Midtown South                                                      
249 W 49th St,,,Times Square,Midtown,Manhattan,Retail,,Existing,1910,2009,2,5650000,12/11/2004,N,,0.0576,4515,2257,0,,100,-,,,,,,,,,,"A/C, Street parking only",C6-5,,,"2011 Tax @ $15.42/sf; 2011 Ops @ $19.40/sf, 2010 Est Ops @ $12.86/sf","2011 Tax @ $15.42/sf; 2011 Ops @ $19.40/sf, 2010 Est Ops @ $12.86/sf","(40.761209, -73.985467)",1,10019,40.761209,-73.985467,5,3,125,1024787,1010210005,Midtown-Midtown South                                                      
787 Seventh Ave,Equitable Building,,Columbus Circle,Midtown,Manhattan,Office,A,Existing,1985,,54,,,N,,1.8365,1743413,46900,30,,100,Negotiable,,,0,46306,0,46306,28677,28677,46306,"Atrium, Banking, Energy Star Labeled, Fitness Center, Metro/Subway, Restaurant, Security System",C6-6,,0.05,"2011 Tax @ $13.02/sf; 2010 Ops @ $21.36/sf, 2011 Est Ops @ $20.58/sf","2011 Tax @ $13.02/sf; 2010 Ops @ $21.36/sf, 2011 Est Ops @ $20.58/sf","(40.761955, -73.982622)",1,10019,40.761955,-73.982622,5,4,131,1023157,1010040020,Midtown-Midtown South                                                      
136 W 46th St,,,Times Square,Midtown,Manhattan,Retail,,Existing,1920,,5,,,N,,0.0344,5720,1144,0,,100,-,,,,,,,,,,,C6-5.5,,,2009 Tax @ $5.63/sf,2009 Tax @ $5.63/sf,"(40.757863, -73.9834)",1,10036,40.757863,-73.9834,5,4,119,1022647,1009980051,Midtown-Midtown South                                                      
303 W 42nd St,,,Times Square,Midtown,Manhattan,Office,C,Existing,1900,,13,,,N,,0.4224,45500,3500,0,,95.33,42.35,Direct - Full Service Gross,,2125,0,2125,0,1000,1000,2125,,C6-4,,,"2011 Tax @ $7.65/sf; 2001 Ops @ $41.62/sf, 2011 Est Ops @ $14.14/sf","2011 Tax @ $7.65/sf; 2001 Ops @ $41.62/sf, 2011 Est Ops @ $14.14/sf","(40.757436, -73.990254)",1,10036,40.757436,-73.990254,4,3,121,1024947,1010330032,Clinton                                                                    
365-367 W 46th St,,,Times Square,Midtown,Manhattan,Retail,,Existing,1899,,4,6450000,4/16/2002,N,,0.076,10164,3322,0,,100,-,,,,,,,,,,,"R8, New York, K9",,,2009 Tax @ $7.02/sf,2009 Tax @ $7.02/sf,"(40.760529, -73.98964)",1,10036,40.760529,-73.98964,4,3,127,1025080,1010370105,Clinton                                                                    
160 W 48th St,,,Times Square,Midtown,Manhattan,Retail,,Existing,1929,,4,13875000,5/19/2004,N,,0.039,3323,831,0,,100,-,,,,,,,,,,,C6-7T,,,,,"(40.759332, -73.982988)",1,10105,40.759332,-73.982988,5,4,125,1022682,1010000057,Midtown-Midtown South                                                      
129 W 46th St,,,Times Square,Midtown,Manhattan,Retail,,Existing,1902,,9,,,N,,0.0849,27250,4284,0,,100,-,,,,,,,,,,,C6-5.5,,,2008 Tax @ $13.08/sf,2008 Tax @ $13.08/sf,"(40.757811, -73.98323)",1,10036,40.757811,-73.98323,5,4,125,1022666,1009990017,Midtown-Midtown South                                                      
1628-1630 Broadway,,,Times Square,Midtown,Manhattan,Retail,,Existing,1911,,3,,,N,,0.065,8034,2678,0,,100,46.8,Sublet - Plus Electric,,0,5000,0,5000,5000,2500,5000,,C6-7T,,,"2011 Tax @ $35.84/sf; 2011 Ops @ $11.10/sf, 2010 Est Ops @ $8.21/sf","2011 Tax @ $35.84/sf; 2011 Ops @ $11.10/sf, 2010 Est Ops @ $8.21/sf","(40.761278, -73.984142)",1,10019,40.761278,-73.984142,5,4,125,1024799,1010210037,Midtown-Midtown South                                                      
145 W 45th St,,,Times Square,Midtown,Manhattan,Office,B,Existing,1920,,12,12600000,12/7/1995,N,,0.1581,81600,6800,3,,100,Negotiable,,,2106,0,0,0,2106,2106,2106,"24/7 Building Access, Restaurant, Security System","C655, Manhattan",,,"2011 Tax @ $7.30/sf; 2011 Ops @ $10.28/sf, 2010 Est Ops @ $15.76/sf","2011 Tax @ $7.30/sf; 2011 Ops @ $10.28/sf, 2010 Est Ops @ $15.76/sf","(40.757336, -73.984017)",1,10036,40.757336,-73.984017,5,4,119,1022634,1009980012,Midtown-Midtown South                                                      
750 Seventh Ave,,,Times Square,Midtown,Manhattan,Office,A,Existing,1990,,36,485000000,5/3/2007,N,,0.598,591169,19194,11,,99.44,Negotiable,,,48349,14613,3329,14613,45020,17749,62962,"Concierge, Energy Star Labeled, Metro/Subway, Property Manager on Site","C67T, Manhattan",,,"2010 Tax @ $11.50/sf, 2011 Est Tax @ $11.60/sf; 2001 Ops @ $15.97/sf, 2011 Est Ops @ $14.94/sf","2010 Tax @ $11.50/sf, 2011 Est Tax @ $11.60/sf; 2001 Ops @ $15.97/sf, 2011 Est Ops @ $14.94/sf","(40.760753, -73.983525)",1,10019,40.760753,-73.983525,5,4,125,1024795,1010210026,Midtown-Midtown South                                                      
1674 Broadway,,,Columbus Circle,Midtown,Manhattan,Office,C,Existing,1921,1985,9,,,N,,0.1205,46000,5111,1,,95.43,30,Direct - Plus Electric,,2100,0,2100,0,2100,2100,2100,,C6-7.5,,,"2010 Tax @ $10.54/sf; 1997 Ops @ $2.80/sf, 2010 Est Ops @ $15.83/sf","2010 Tax @ $10.54/sf; 1997 Ops @ $2.80/sf, 2010 Est Ops @ $15.83/sf","(40.762861, -73.983109)",1,10019,40.762861,-73.983109,5,4,131,1024831,1010240131,Midtown-Midtown South                                                      
256-262 W 46th St,,Show Biz Parking,Times Square,Midtown,Manhattan,Retail,,Existing,,,,1166620,10/14/2005,N,,0.2399,5808,,0,,0,-,,,,,,,,,,,"C65, New York",90,,,,"(40.759291, -73.986767)",1,10036,40.759291,-73.986767,5,3,119,1000000,1010170058,Midtown-Midtown South                                                      
1675 Broadway,,,Columbus Circle,Midtown,Manhattan,Office,A,Existing,1989,,35,,,N,,0.5814,761092,21745,18,,100,Negotiable,,,0,3750,0,0,3750,2350,3750,"Atrium, Banking, Concierge",C6-7.5,,0.08,"2011 Tax @ $14.48/sf; 2007 Ops @ $31.78/sf, 2011 Est Ops @ $13.70/sf","2011 Tax @ $14.48/sf; 2007 Ops @ $31.78/sf, 2011 Est Ops @ $13.70/sf","(40.762963, -73.983073)",1,10019,40.762963,-73.983073,5,3,131,1076199,1010240015,Midtown-Midtown South                                                      
1460 Broadway,,,Penn Plaza/Garment,Midtown,Manhattan,Office,A,Existing,1951,,17,7200000000,10/4/2002,N,,0.26,215000,12647,5,,100,-,,,,,,,,,,"24/7 Building Access, Bus Line, Metro/Subway, On Site Management, Property Manager on Site",C5-3,,,"2011 Tax @ $7.73/sf; 2001 Ops @ $17.00/sf, 2011 Est Ops @ $12.26/sf","2011 Tax @ $7.73/sf; 2001 Ops @ $17.00/sf, 2011 Est Ops @ $12.26/sf","(40.754998, -73.986284)",1,10036,40.754998,-73.986284,5,4,113,1022573,1009947504,Midtown-Midtown South                                                      
247 W 46th St,,,Times Square,Midtown,Manhattan,Retail,,Existing,2006,,1,820000,3/12/2004,N,,0.1148,5000,5000,0,,100,-,,,,,,,,,,,C6-4,,,2008 Tax @ $61.11/sf,2008 Tax @ $61.11/sf,"(40.759228, -73.986572)",1,10036,40.759228,-73.986572,5,3,125,1024736,1010187502,Midtown-Midtown South                                                      
201 W 52nd St,,,Columbus Circle,Midtown,Manhattan,Office,B,Existing,1939,,3,,,N,,0.1274,22000,5500,1,,100,-,,,,,,,,,,"Property Manager on Site, Restaurant",C6-6.5,,,2008 Tax @ $11.17/sf,2008 Tax @ $11.17/sf,"(40.762406, -73.982474)",1,10019,40.762406,-73.982474,5,4,131,1024827,1010240029,Midtown-Midtown South                                                      
251 W 50th St,,,Columbus Circle,Midtown,Manhattan,Retail,,Existing,,,2,,,N,,,2614,1306,0,,100,-,,,,,,,,,,,,,,2010 Tax @ $21.96/sf; 2010 Est Ops @ $5.81/sf,2010 Tax @ $21.96/sf; 2010 Est Ops @ $5.81/sf,"(40.761851, -73.985041)",1,10019,40.761851,-73.985041,5,3,131,1024814,1010220101,Midtown-Midtown South                                                      
120 W 44th St,,,Times Square,Midtown,Manhattan,Office,B,Existing,1930,,17,,,N,,0.1722,120000,7500,2,,100,-,,,,,,,,,,Property Manager on Site,C6-5.5,,,2010 Tax @ $4.69/sf; 2001 Ops @ $8.18/sf,2010 Tax @ $4.69/sf; 2001 Ops @ $8.18/sf,"(40.756461, -73.983952)",1,10036,40.756461,-73.983952,5,4,119,1022616,1009960043,Midtown-Midtown South                                                      
1551-1553 Broadway,,,Times Square,Midtown,Manhattan,Retail,,Existing,2009,,3,,,N,,0.11,25000,8333,0,,100,-,,,,,,,,,,"Bus Line, Metro/Subway",C6-7T,,,2010 Tax @ $20.83/sf; 2010 Est Ops @ $15.64/sf,2010 Tax @ $20.83/sf; 2010 Est Ops @ $15.64/sf,"(40.758805, -73.985312)",1,10036,40.758805,-73.985312,5,3,125,1083727,1010180026,Midtown-Midtown South                                                      
1500 Broadway,Times Square Plaza,,Times Square,Midtown,Manhattan,Office,A,Existing,1974,,33,,,N,,0.5825,501358,15193,10,,83.53,Negotiable,,,96609,30628,82589,0,38550,14020,127237,"24/7 Building Access, Bus Line, Concierge, Metro/Subway, On Site Management, Property Manager on Site, Restaurant",C6-7T,,,2011 Tax @ $16.50/sf; 2011 Est Ops @ $20.86/sf,2011 Tax @ $16.50/sf; 2011 Est Ops @ $20.86/sf,"(40.756856, -73.985973)",1,10036,40.756856,-73.985973,5,4,119,1022610,1009960001,Midtown-Midtown South                                                      
115 W 45th St,,,Times Square,Midtown,Manhattan,Office,B,Existing,1925,,12,,,N,,0.1033,43644,3637,0,,83.1,40.82,Direct - Plus All Utilities,,7375,0,7375,0,4200,4200,7375,"24/7 Building Access, Bus Line, Metro/Subway",C6-5.5,,,1999 Tax @ $4.61/sf; 1999 Ops @ $9.64/sf,1999 Tax @ $4.61/sf; 1999 Ops @ $9.64/sf,"(40.757078, -73.983411)",1,10036,40.757078,-73.983411,5,4,119,1022640,1009980024,Midtown-Midtown South                                                      
1634-1642 Broadway,,,Columbus Circle,Midtown,Manhattan,Retail,,Existing,1910,,5,,,N,,0.5439,16000,6673,0,,100,-,,,,,,,,,,,C6-7,,,2001 Tax @ $4.35/sf; 2001 Ops @ $13.81/sf,2001 Tax @ $4.35/sf; 2001 Ops @ $13.81/sf,"(40.761566, -73.983944)",1,10019,40.761566,-73.983944,5,4,131,1024810,1010220026,Midtown-Midtown South                                                      
694 Eighth Ave,,,Times Square,Midtown,Manhattan,Office,B,Existing,1900,,5,,,N,,0.1148,23000,4950,0,,100,-,Direct - Plus Electric,,,,,,,,,"24/7 Building Access, Signage",C6-4,,,2008 Tax @ $12.54/sf,2008 Tax @ $12.54/sf,"(40.758383, -73.98894)",1,10036,40.758383,-73.98894,5,3,119,1078853,1010150061,Midtown-Midtown South                                                      
165 W 47th St,,,Times Square,Midtown,Manhattan,Office,C,Existing,1909,,4,,,N,,0.0557,8000,2000,0,,100,-,,,,,,,,,,,C6-7T,,,2008 Tax @ $83.06/sf,2008 Tax @ $83.06/sf,"(40.758744, -73.983504)",1,10036,40.758744,-73.983504,5,4,125,1083718,1010000001,Midtown-Midtown South                                                      
830 Eighth Ave,,,Columbus Circle,Midtown,Manhattan,Office,B,Under Renovation,1986,2011,10,4500000,5/11/1996,N,,0.0402,22000,2200,1,,100,-,,,,,,,,,,"24/7 Building Access, On Site Management, Property Manager on Site",C6-4,,,"2010 Tax @ $11.86/sf; 2001 Ops @ $13.40/sf, 2010 Est Ops @ $3.43/sf","2010 Tax @ $11.86/sf; 2001 Ops @ $13.40/sf, 2010 Est Ops @ $3.43/sf","(40.762381, -73.986026)",1,10019,40.762381,-73.986026,5,3,131,1024808,1010220001,Midtown-Midtown South                                                      
730 Eighth Ave,,,Times Square,Midtown,Manhattan,Retail,,Existing,1920,,4,850000,6/10/1992,N,,0.028,3476,987,0,,100,-,,,,,,,,,,,"C6-4, New York",,,2008 Tax @ $12.35/sf,2008 Tax @ $12.35/sf,"(40.759365, -73.988229)",1,10036,40.759365,-73.988229,5,3,119,1024720,1010170003,Midtown-Midtown South                                                      
251 W 45th St,,,Times Square,Midtown,Manhattan,Retail,,Existing,1958,,7,,,N,,0.3691,45584,6511,0,,100,-,,,,,,,,,,Pylon Sign,C6-5,,,2010 Tax @ $6.61/sf; 2010 Est Ops @ $4.66/sf,2010 Tax @ $6.61/sf; 2010 Est Ops @ $4.66/sf,"(40.758742, -73.987345)",1,10036,40.758742,-73.987345,5,3,119,1024724,1010170007,Midtown-Midtown South                                                      
303-305 W 46th St,Parking Lot,,Times Square,Midtown,Manhattan,Retail,,Existing,1910,,1,11000000,8/16/2003,N,,0.11,4060,4060,0,,100,-,,,,,,,,,,,C6-4 (G6),,,2010 Tax @ $9.64/sf; 2010 Est Ops @ $2.96/sf,2010 Tax @ $9.64/sf; 2010 Est Ops @ $2.96/sf,"(40.759996, -73.988388)",1,10036,40.759996,-73.988388,4,3,127,1089716,1010370029,Clinton                                                                    
226 W 47th St,,,Times Square,Midtown,Manhattan,Office,B,Existing,1923,,10,,,N,,0.0735,27500,3125,2,,0,-,,,,,,,,,,Property Manager on Site,C6-7.5,,,2008 Tax @ $11.37/sf,2008 Tax @ $11.37/sf,"(40.759713, -73.985854)",1,10036,40.759713,-73.985854,5,3,125,1024743,1010180044,Midtown-Midtown South                                                      
301 W 42nd St,,,Times Square,Midtown,Manhattan,Retail,,Existing,1972,1999,2,27000000,7/24/2001,N,,0.1385,12905,6000,0,,100,-,,,,,,,,,,,C6-4,,,2011 Tax @ $39.79/sf; 2011 Est Ops @ $12.40/sf,2011 Tax @ $39.79/sf; 2011 Est Ops @ $12.40/sf,"(40.757419, -73.990214)",1,10036,40.757419,-73.990214,4,3,121,1024946,1010330029,Clinton                                                                    
1501 Broadway,Paramount Bldg,,Times Square,Midtown,Manhattan,Office,B,Existing,1926,2006,31,,,N,,0.9504,638566,20598,13,,100,Negotiable,Direct - Plus Electric,,3956,4000,0,0,4000,4000,7956,"24/7 Building Access, Banking, Food Service, On Site Management, Property Manager on Site, Restaurant",C6-7.5,,,"2011 Tax @ $8.26/sf, 2010 Est Tax @ $8.35/sf; 2011 Ops @ $20.08/sf","2011 Tax @ $8.26/sf, 2010 Est Tax @ $8.35/sf; 2011 Ops @ $20.08/sf","(40.757103, -73.986193)",1,10036,40.757103,-73.986193,5,3,119,1024706,1010150029,Midtown-Midtown South                                                      
252 W 46th St,,,Times Square,Midtown,Manhattan,Retail,,Existing,1920,,4,,,N,,0.0367,5319,1329,0,,100,-,,,,,,,,,,,C6-5,,,2010 Tax @ $5.57/sf; 2010 Est Ops @ $7.21/sf,2010 Tax @ $5.57/sf; 2010 Est Ops @ $7.21/sf,"(40.759261, -73.986695)",1,10036,40.759261,-73.986695,5,3,119,1024729,1010170057,Midtown-Midtown South                                                      
726 Eighth Ave,,,Times Square,Midtown,Manhattan,Retail,,Existing,1910,,4,4300000,10/15/2005,N,,0.03,4106,1026,0,,100,-,,,,,,,,,,Street parking only,C6-4,,,2010 Tax @ $17.03/sf; 2010 Est Ops @ $9.58/sf,2010 Tax @ $17.03/sf; 2010 Est Ops @ $9.58/sf,"(40.759291, -73.988287)",1,10036,40.759291,-73.988287,5,3,119,1024732,1010170101,Midtown-Midtown South                                                      
261 W 52nd St,,,Columbus Circle,Midtown,Manhattan,Retail,,Existing,1922,,3,,,N,,1.0331,7709,2569,0,,100,-,,,,,,,,,,,C6-5,,,,,"(40.763155, -73.98425)",1,10019,40.763155,-73.98425,5,3,131,1080869,1010240052,Midtown-Midtown South                                                      
125 W 43rd St,,,Times Square,Midtown,Manhattan,Retail,,Existing,1910,,5,,,N,,0.048,7041,1408,0,,100,-,,,,,,,,,,,C6-5.5,,,2008 Ops @ $12.47/sf,2008 Ops @ $12.47/sf,"(40.75586, -73.984418)",1,10036,40.75586,-73.984418,5,4,119,1022614,1009960020,Midtown-Midtown South                                                      
136 W 42nd St,,,Penn Plaza/Garment,Midtown,Manhattan,Office,B,Existing,1900,1983,5,5250000,9/22/1995,N,,0.0562,8812,2002,0,,100,-,,,,,,,,,,,"C6-7, New York",,,2008 Tax @ $8.01/sf,2008 Tax @ $8.01/sf,"(40.755338, -73.985313)",1,10036,40.755338,-73.985313,5,4,113,1022578,1009947503,Midtown-Midtown South                                                      
1552-1554 Broadway,I Miller Shoe Building/TGI Friday's,,Times Square,Midtown,Manhattan,Retail,,Existing,1939,2006,4,136550000,8/18/2007,N,,0.0735,15000,3200,0,,100,-,,,,,,,,,,"A/C, Bus Line, Corner Lot, Metro/Subway, Restaurant, Signage, Signalized Intersection, Street parking only, Tenant Controlled HVAC","C6-7T, Manhattan(K9)",,,"2010 Tax @ $57.80/sf, 2011 Est Tax @ $57.80/sf; 2011 Ops @ $11.56/sf, 2010 Est Ops @ $23.73/sf","2010 Tax @ $57.80/sf, 2011 Est Tax @ $57.80/sf; 2011 Ops @ $11.56/sf, 2010 Est Ops @ $23.73/sf","(40.758665, -73.984977)",1,10036,40.758665,-73.984977,5,4,125,1022660,1009990001,Midtown-Midtown South                                                      
721-723 Seventh Ave,,,Times Square,Midtown,Manhattan,Office,B,Existing,1920,,13,22950000,12/15/2005,N,,0.077,44200,3400,0,,89.28,33.14,Direct - Plus Electric,,4739,0,4739,0,3839,3839,4739,,C6-7T,,,"2010 Tax @ $7.39/sf, 2011 Est Tax @ $7.48/sf; 2001 Ops @ $12.37/sf, 2011 Est Ops @ $14.93/sf","2010 Tax @ $7.39/sf, 2011 Est Tax @ $7.48/sf; 2001 Ops @ $12.37/sf, 2011 Est Ops @ $14.93/sf","(40.75993, -73.984099)",1,10019,40.75993,-73.984099,5,4,125,1022688,1010010001,Midtown-Midtown South                                                      
135 W 50th St,Sports Illustrated Building,,Columbus Circle,Midtown,Manhattan,Office,A,Existing,1962,,23,332500000,6/28/2002,N,,1.107,800733,34814,16,23,100,43.49,Sublet - Plus Electric,,0,141646,0,35045,55235,55235,141646,"Concierge, LEED Certified - Silver, LEED Registered, On Site Management, Property Manager on Site","C6-7, Manhattan (O3)",,,"2010 Tax @ $10.25/sf, 2011 Est Tax @ $10.14/sf; 2000 Ops @ $14.63/sf, 2011 Est Ops @ $13.88/sf","2010 Tax @ $10.25/sf, 2011 Est Tax @ $10.14/sf; 2000 Ops @ $14.63/sf, 2011 Est Ops @ $13.88/sf","(40.760374, -73.981533)",1,10020,40.760374,-73.981533,5,4,131,1022708,1010030005,Midtown-Midtown South                                                      
634 Eighth Ave,,,Times Square,Midtown,Manhattan,Office,C,Existing,1965,,5,,,N,,0.287,12500,12500,0,,100,-,,,,,,,,,,,C6-7,,,,,"(40.756376, -73.990406)",1,10018,40.756376,-73.990406,5,3,113,1087186,1010127501,Midtown-Midtown South                                                      
681 Eighth Ave,,,Times Square,Midtown,Manhattan,Office,C,Existing,1929,,3,2000000,9/30/1992,N,,0.1377,25687,6000,1,,100,-,,,,,,,,,,,C6-4,,,2011 Tax @ $4.71/sf; 2011 Est Ops @ $13.90/sf,2011 Tax @ $4.71/sf; 2011 Est Ops @ $13.90/sf,"(40.758007, -73.98924)",1,10036,40.758007,-73.98924,4,3,121,1024967,1010340029,Clinton                                                                    
1119 Avenue of the Americas,,,Times Square,Midtown,Manhattan,Office,C,Existing,1920,,4,7481000,2/17/2000,N,,0.0303,5264,1316,0,,100,-,,,,,,,,,,Corner Lot,"C6-6, New York (O9)",,,,,"(40.755418, -73.983707)",1,10036,40.755418,-73.983707,5,4,119,1087268,1009950033,Midtown-Midtown South                                                      
346-348 W 46th St,,,Times Square,Midtown,Manhattan,Retail,,Existing,1920,1986,4,5000000,3/22/2003,N,,0.082,8750,1750,0,,100,-,,,,,,,,,,,R8/C1-5 (C7),,,2009 Tax @ $18.84/sf,2009 Tax @ $18.84/sf,"(40.760359, -73.989286)",1,10036,40.760359,-73.989286,4,3,121,1080885,1010360052,Clinton                                                                    
263 W 45th St,,,Times Square,Midtown,Manhattan,Retail,,Existing,1920,,3,,,N,,0.0367,7799,2599,0,,100,-,,,,,,,,,,,C6-5,,,2008 Tax @ $6.67/sf,2008 Tax @ $6.67/sf,"(40.758824, -73.98754)",1,10036,40.758824,-73.98754,5,3,119,1088566,1010170005,Midtown-Midtown South                                                      
5 Times Sq,Five Times Square,,Times Square,Midtown,Manhattan,Office,A,Existing,2002,,37,1280000000,11/19/2002,N,,0.6,1101779,29778,18,,100,58,Sublet - Plus Electric,,0,95003,0,95003,95003,31675,95003,"Bus Line, Corner Lot, Metro/Subway",C6-7,,,2008 Combined Tax/Ops @ $18.77/sf; 2010 Est Ops @ $16.03/sf,2008 Combined Tax/Ops @ $18.77/sf; 2010 Est Ops @ $16.03/sf,"(40.755709, -73.987208)",1,10036,40.755709,-73.987208,5,3,113,1024656,1010130029,Midtown-Midtown South                                                      
220 W 41st St,,,Times Square,Midtown,Manhattan,Retail,,Existing,,,5,,,N,,,39631,7926,0,,100,-,,,,,,,,,,,,200,,,,"(40.755717, -73.98828)",1,10036,40.755717,-73.98828,5,3,113,1080831,1010120042,Midtown-Midtown South                                                      
229 W 43rd St,The Times Square Building,,Times Square,Midtown,Manhattan,Office,A,Existing,1913,2008,16,160000000,6/28/2007,N,,1.46,789826,49364,11,,34.44,Negotiable,,,517806,0,517806,0,477889,64040,517806,"Bus Line, Metro/Subway","C6-5, New York (O9)",,,"2011 Tax @ $9.02/sf; 2011 Ops @ $15.38/sf, 2010 Est Ops @ $9.43/sf","2011 Tax @ $9.02/sf; 2011 Ops @ $15.38/sf, 2010 Est Ops @ $9.43/sf","(40.757136, -73.987446)",1,10036,40.757136,-73.987446,5,3,119,1088760,1010157501,Midtown-Midtown South                                                      
114 W 47th St,U.S. Trust Bldg,,Times Square,Midtown,Manhattan,Office,A,Existing,1989,,26,,,N,,0.5739,507456,22727,12,,100,Negotiable,,,0,7747,0,0,7747,7747,7747,"Energy Star Labeled, On Site Management, Property Manager on Site",C6-5.5,,,"2011 Tax @ $16.46/sf; 2007 Ops @ $35.39/sf, 2011 Est Ops @ $20.61/sf","2011 Tax @ $16.46/sf; 2007 Ops @ $35.39/sf, 2011 Est Ops @ $20.61/sf","(40.75831, -73.982504)",1,10036,40.75831,-73.982504,5,4,125,1022667,1009990019,Midtown-Midtown South                                                      
148-154 W 48th St,,,Times Square,Midtown,Manhattan,Retail,,Existing,1954,,6,62500000,10/22/2004,N,,0.1722,37921,6320,0,,100,-,,,,,,,,,,,C6-5.5,,,2008 Tax @ $5.95/sf,2008 Tax @ $5.95/sf,"(40.759227, -73.982742)",1,10105,40.759227,-73.982742,5,4,125,1022680,1010000053,Midtown-Midtown South                                                      
256 W 52nd St,,,Columbus Circle,Midtown,Manhattan,Retail,,Existing,1950,,4,2500000,12/21/2000,N,,0.048,4612,1310,0,,100,-,,,,,,,,,,,"C6-5, New York (K4)",,,2009 Tax @ $17.09/sf,2009 Tax @ $17.09/sf,"(40.763111, -73.984192)",1,10019,40.763111,-73.984192,5,3,131,1024821,1010230059,Midtown-Midtown South                                                      
763 Eighth Ave,,,Times Square,Midtown,Manhattan,Retail,,Existing,1920,,3,,,N,,0.06,5816,1939,0,,100,-,,,,,,,,,,,C6-4,,,2008 Tax @ $16.03/sf,2008 Tax @ $16.03/sf,"(40.760265, -73.98759)",1,10036,40.760265,-73.98759,4,3,127,,,Clinton                                                                    
347 W 46 St,,,Times Square,Midtown,Manhattan,Retail,,Existing,1920,,3,650000,3/29/1991,N,,0.045,3168,1000,0,,100,-,,,,,,,,,,,"R8, New York",,,1995 Tax @ $7.49/sf,1995 Tax @ $7.49/sf,"(40.760373, -73.989276)",1,10036,40.760373,-73.989276,4,3,127,1025048,1010370012,Clinton                                                                    
724 Eighth Ave,,,Times Square,Midtown,Manhattan,Retail,,Existing,1920,,4,3652000,8/12/1994,N,,0.03,5424,1356,0,,100,-,,,,,,,,,,"Corner Lot, Signalized Intersection, Street parking only",C6-4,,,,,"(40.759255, -73.988312)",1,10036,40.759255,-73.988312,5,3,119,1024718,1010170001,Midtown-Midtown South                                                      
215 W 40th St,,,Times Square,Midtown,Manhattan,Office,C,Existing,1924,,14,25000000,1/16/2002,N,,0.112,65186,4938,3,,100,Negotiable,Direct - Plus Electric,,0,2000,0,2000,2000,2000,2000,,"M1-6,Manhattan,(L1)",,,"2011 Tax @ $7.05/sf; 2011 Ops @ $8.25/sf, 2010 Est Ops @ $8.82/sf","2011 Tax @ $7.05/sf; 2011 Ops @ $8.25/sf, 2010 Est Ops @ $8.82/sf","(40.755056, -73.988594)",1,10018,40.755056,-73.988594,5,3,113,1024644,1010120023,Midtown-Midtown South                                                      
228 W 52nd St,,,Columbus Circle,Midtown,Manhattan,Retail,,Existing,1920,,5,,,N,,0.149,22076,860,0,,100,-,,,,,,,,,,,C6-7,,,2010 Tax @ $7.19/sf; 2010 Est Ops @ $3.08/sf,2010 Tax @ $7.19/sf; 2010 Est Ops @ $3.08/sf,"(40.762911, -73.98372)",1,10019,40.762911,-73.98372,5,3,131,1024819,1010230048,Midtown-Midtown South                                                      
162-164 W 48th St,,,Times Square,Midtown,Manhattan,Office,C,Existing,1930,,4,33400000,8/14/2004,N,,0.0781,11979,2995,0,,100,-,,,,,,,,,,,C6-7T,,,2010 Tax @ $12.62/sf; 2010 Est Ops @ $27.15/sf,2010 Tax @ $12.62/sf; 2010 Est Ops @ $27.15/sf,"(40.759348, -73.983027)",1,10105,40.759348,-73.983027,5,4,125,1022683,1010000058,Midtown-Midtown South                                                      
761-779 Seventh Ave,,,Columbus Circle,Midtown,Manhattan,Retail,,Existing,1986,,2,6500000,8/27/1992,N,,0.6916,4000,2000,0,,62.5,Negotiable,,,1500,0,1500,0,1500,1500,1500,,"C6-7, New York",,,,,"(40.761184, -73.983186)",1,10019,40.761184,-73.983186,5,4,131,1022710,1010037501,Midtown-Midtown South                                                      
163 W 48th St,,,Times Square,Midtown,Manhattan,Retail,,Existing,1910,,4,,,N,,0.1008,13344,3336,0,,100,-,,,,,,,,,,,C6-7T,,,2009 Tax @ $6.80/sf,2009 Tax @ $6.80/sf,"(40.759362, -73.983017)",1,10036,40.759362,-73.983017,5,4,125,1080826,1010010102,Midtown-Midtown South                                                      
148 W 49th St,,,Times Square,Midtown,Manhattan,Retail,,Existing,1920,,4,,,N,,0.05,5174,1140,0,,100,-,,,,,,,,,,,C6-7T,,,2008 Tax @ $17.98/sf,2008 Tax @ $17.98/sf,"(40.759847, -73.982294)",1,10019,40.759847,-73.982294,5,4,125,1022698,1010010157,Midtown-Midtown South                                                      
3 Times Sq,The Reuters Bldg,,Times Square,Midtown,Manhattan,Office,A,Existing,2001,,32,,,N,,0.6802,855000,30598,0,,100,-,,,,,,,,,,"Bus Line, LEED Registered, Metro/Subway, Signage",C6-7,,,"2010 Tax @ $0.35/sf, 2011 Est Tax @ $17.35/sf; 2011 Est Ops @ $14.42/sf","2010 Tax @ $0.35/sf, 2011 Est Tax @ $17.35/sf; 2011 Est Ops @ $14.42/sf","(40.756376, -73.986713)",1,10036,40.756376,-73.986713,5,3,119,1024686,1010140033,Midtown-Midtown South                                                      
300 W 46th St,,,Times Square,Midtown,Manhattan,Office,B,Existing,1890,,5,,,N,,0.186,29670,4772,0,,100,-,,,,,,,,,,,C6-4,,,2011 Tax @ $4.05/sf; 2011 Est Ops @ $11.23/sf,2011 Tax @ $4.05/sf; 2011 Est Ops @ $11.23/sf,"(40.759963, -73.988355)",1,10036,40.759963,-73.988355,4,3,121,1081654,1010360036,Clinton                                                                    
234 W 42nd St,,42nd Street Retail Shops,Times Square,Midtown,Manhattan,Retail,,Existing,2000,,15,851500000,3/29/2007,N,,1.3432,300359,20023,0,,100,-,,,,,,,,,,"Enclosed Mall, Food Court, Hotel, Kiosk/Cart Space, Metro/Subway, Mixed Use, Restaurant, Signage",NZS,,,2009 Combined Tax/Ops @ $27.59/sf; 2011 Est Ops @ $13.32/sf,2009 Combined Tax/Ops @ $27.59/sf; 2011 Est Ops @ $13.32/sf,"(40.756747, -73.988659)",1,10036,40.756747,-73.988659,5,3,113,1024665,1010130012,Midtown-Midtown South                                                      
362 W 46th St,,,Times Square,Midtown,Manhattan,Retail,,Existing,1920,,3,,,N,,0.04,10412,3470,0,,100,-,,,,,,,,,,,R8,,,,,"(40.760496, -73.989611)",1,10036,40.760496,-73.989611,4,3,121,1025026,1010360058,Clinton                                                                    
1604-1610 Broadway,,,Times Square,Midtown,Manhattan,Retail,,Existing,1912,2001,3,21000000,11/30/2001,N,,1.5709,29875,9958,0,,100,Negotiable,,,20978,0,0,0,20978,8865,20978,,"M1-6, New York, L1",,,2008 Combined Tax/Ops @ $137.30/sf; 2007 Combined Est Tax/Ops @ $101.72/sf,2008 Combined Tax/Ops @ $137.30/sf; 2007 Combined Est Tax/Ops @ $101.72/sf,"(40.760487, -73.984648)",1,10019,40.760487,-73.984648,5,4,125,1024779,1010200038,Midtown-Midtown South                                                      
781 Eighth Ave,,,Times Square,Midtown,Manhattan,Retail,,Existing,1920,,4,,,Y,9000000,0.0436,6800,1700,0,,100,162.5,Direct - Plus Electric,,3400,0,0,0,3400,1700,3400,,C6-4,,,2009 Tax @ $14.25/sf,2009 Tax @ $14.25/sf,"(40.76077, -73.987222)",1,10036,40.76077,-73.987222,4,3,127,1025102,1010380033,Clinton                                                                    
570 Seventh Ave,,,Times Square,Midtown,Manhattan,Office,B,Existing,1929,,21,,,N,,0.1653,119862,5273,5,,97.34,41,Direct - Plus Electric,,3191,0,3191,0,1884,1884,3191,,C6-7.5,,,"2011 Tax @ $7.65/sf; 2011 Ops @ $21.37/sf, 2010 Est Ops @ $22.77/sf","2011 Tax @ $7.65/sf; 2011 Ops @ $21.37/sf, 2010 Est Ops @ $22.77/sf","(40.755119, -73.987638)",1,10018,40.755119,-73.987638,5,3,113,1024649,1010127502,Midtown-Midtown South                                                      
243 W 42nd St,E Walk,E Walk,Times Square,Midtown,Manhattan,Retail (Theme/Festival Center),,Existing,2000,,4,,,N,,1.0044,161000,43750,0,,100,Negotiable,,,2509,0,0,0,2509,2509,2509,"Bus Line, Enclosed Mall, Metro/Subway, Mixed Use",,,,"2011 Est Tax @ $25.41/sf; 2011 Ops @ $20.57/sf, 2010 Est Ops @ $24.82/sf","2011 Est Tax @ $25.41/sf; 2011 Ops @ $20.57/sf, 2010 Est Ops @ $24.82/sf","(40.756821, -73.988789)",1,10036,40.756821,-73.988789,5,3,119,1087142,1010140001,Midtown-Midtown South                                                      
728 Eighth Ave,,,Times Square,Midtown,Manhattan,Retail,,Existing,1920,,4,560000,11/29/1991,N,,0.028,2580,645,0,,100,-,,,,,,,,,,,"C64, New York",,,2010 Tax @ $16.33/sf; 2010 Est Ops @ $8.52/sf,2010 Tax @ $16.33/sf; 2010 Est Ops @ $8.52/sf,"(40.759327, -73.988258)",1,10036,40.759327,-73.988258,5,3,119,1024719,1010170002,Midtown-Midtown South                                                      
771 Eighth Ave,,,Times Square,Midtown,Manhattan,Retail,,Existing,1978,,2,11750000,3/28/2001,N,,0.115,13500,6750,0,,100,-,,,,,,,,,,Signalized Intersection,C6-4,,,2010 Tax @ $18.74/sf; 2010 Est Ops @ $10.94/sf,2010 Tax @ $18.74/sf; 2010 Est Ops @ $10.94/sf,"(40.760548, -73.987384)",1,10036,40.760548,-73.987384,4,3,127,1025100,1010380029,Clinton                                                                    
166 W 48th St,,,Times Square,Midtown,Manhattan,Retail,,Existing,1920,,4,,,N,,0.0459,4792,738,0,,100,-,,,,,,,,,,,C6-7T,,,2011 Tax @ $15.00/sf; 2011 Ops @ $3.95/sf,2011 Tax @ $15.00/sf; 2011 Ops @ $3.95/sf,"(40.759381, -73.983107)",1,10105,40.759381,-73.983107,5,4,125,1022684,1010000059,Midtown-Midtown South                                                      
1540 Broadway,,1540 Broadway,Times Square,Midtown,Manhattan,Office,A,Existing,1989,,44,254800000,11/7/2006,N,,0.888,1172383,26337,17,,94.19,Negotiable,,,108245,27000,68174,27000,37257,27000,135245,"24/7 Building Access, Bus Line, Concierge, Food Service, Metro/Subway, Signage","C6-7T, New York",,,2001 Tax @ $6.79/sf; 2009 Ops @ $20.23/sf,2001 Tax @ $6.79/sf; 2009 Ops @ $20.23/sf,"(40.757847, -73.985009)",1,10036,40.757847,-73.985009,5,4,119,1076844,1009987501,Midtown-Midtown South                                                      
Two Times Square,,,Times Square,Midtown,Manhattan,Retail,,Existing,1991,,30,,,N,,0.3199,30000,1000,0,,100,-,,,,,,,,,,,,,,,,"(40.756582, -73.989637)",1,10036,40.756582,-73.989637,5,3,113,1000000,1009950001,Midtown-Midtown South                                                      
150 W 46th St,,,Times Square,Midtown,Manhattan,Office,C,Existing,1930,,7,,,N,,0.0689,21000,3000,1,,71.43,26,Direct - Triple Net,,6000,0,6000,0,6000,3000,6000,"24/7 Building Access, Property Manager on Site",C6-5.5,,,"2011 Tax @ $7.96/sf, 2010 Est Tax @ $8.13/sf; 2010 Ops @ $12.60/sf, 2011 Est Ops @ $7.53/sf","2011 Tax @ $7.96/sf, 2010 Est Tax @ $8.13/sf; 2010 Ops @ $12.60/sf, 2011 Est Ops @ $7.53/sf","(40.757984, -73.983677)",1,10036,40.757984,-73.983677,5,4,119,1022651,1009980055,Midtown-Midtown South                                                      
120 W 42nd St,,,Penn Plaza/Garment,Midtown,Manhattan,Office,C,Existing,1912,,6,12375000,6/5/2002,N,,0.0567,75269,12544,1,,100,Negotiable,,,75219,0,0,0,63297,27363,75219,,"C6-7, Manhattan (O1)",,,2008 Tax @ $1.08/sf,2008 Tax @ $1.08/sf,"(40.755179, -73.984938)",1,10036,40.755179,-73.984938,5,4,113,1087119,1009947501,Midtown-Midtown South                                                      
368 W 46th St,,,Times Square,Midtown,Manhattan,Retail,,Existing,,,4,,,N,,,3400,850,0,,100,-,,,,,,,,,,,,,,1995 Tax @ $2.57/sf; 1995 Ops @ $16.06/sf,1995 Tax @ $2.57/sf; 1995 Ops @ $16.06/sf,"(40.760548, -73.989734)",1,10036,40.760548,-73.989734,4,3,121,1025028,1010360060,Clinton                                                                    
218 W 50th St,,,Times Square,Midtown,Manhattan,Retail,,Existing,1930,,6,,,N,,0.1377,34948,5824,0,,100,-,,,,,,,,,,,C6-7T,,,2008 Tax @ $4.15/sf,2008 Tax @ $4.15/sf,"(40.761613, -73.984521)",1,10019,40.761613,-73.984521,5,3,125,1024805,1010210050,Midtown-Midtown South                                                      
350 W 46th St,,,Times Square,Midtown,Manhattan,Retail,,Existing,1920,,3,563500,8/12/1992,N,,0.036,2791,930,0,,100,-,,,,,,,,,,,"R8, New York",,,2008 Tax @ $11.50/sf,2008 Tax @ $11.50/sf,"(40.760395, -73.989369)",1,10036,40.760395,-73.989369,4,3,121,1025023,1010360053,Clinton                                                                    
315 W 46th St,,,Times Square,Midtown,Manhattan,Retail,,Existing,1910,,3,3750000,11/5/2002,N,,0.046,3539,1180,0,,100,-,,,,,,,,,,,R8 (K4),,,2010 Tax @ $11.81/sf; 2010 Est Ops @ $11.59/sf,2010 Tax @ $11.81/sf; 2010 Est Ops @ $11.59/sf,"(40.760098, -73.988629)",1,10036,40.760098,-73.988629,4,3,127,1075688,1010370024,Clinton                                                                    
123 W 45th St,,,Times Square,Midtown,Manhattan,Retail,,Existing,1930,,5,3410000,3/2/2002,N,,0.129,4942,1214,0,,100,-,,,,,,,,,,,"C6-5.5,Manhattan(K9)",,,"2011 Tax @ $20.80/sf; 2011 Ops @ $13.62/sf, 2010 Est Ops @ $4.54/sf","2011 Tax @ $20.80/sf; 2011 Ops @ $13.62/sf, 2010 Est Ops @ $4.54/sf","(40.757147, -73.983573)",1,10036,40.757147,-73.983573,5,4,119,1022657,1009980120,Midtown-Midtown South                                                      
214 W 50th St,,,Times Square,Midtown,Manhattan,Retail,,Existing,1920,,4,4375000,9/8/1995,N,,0.0459,8500,2125,0,,100,-,,,,,,,,,,,"C6-7.5, New York",,,"2010 Tax @ $5.93/sf; 2001 Ops @ $10.69/sf, 2010 Est Ops @ $10.26/sf","2010 Tax @ $5.93/sf; 2001 Ops @ $10.69/sf, 2010 Est Ops @ $10.26/sf","(40.761585, -73.984456)",1,10019,40.761585,-73.984456,5,3,125,1024803,1010210048,Midtown-Midtown South                                                      
227 W 46th St,,,Times Square,Midtown,Manhattan,Office,B,Existing,1919,,6,,,N,,0.1722,28765,4794,0,,100,-,,,,,,,,,,,C6-5,,,,,"(40.759071, -73.9862)",1,10036,40.759071,-73.9862,5,3,125,1024738,1010180013,Midtown-Midtown South                                                      
1627 Broadway,Retail portion of Snapple Theater Center,,Times Square,Midtown,Manhattan,Retail,,Existing,1930,,2,,,N,,0.1458,18528,9264,0,,100,-,,,,,,,,,,,C6-7T,,,"2011 Tax @ $33.22/sf; 2011 Ops @ $26.50/sf, 2010 Est Ops @ $17.18/sf","2011 Tax @ $33.22/sf; 2011 Ops @ $26.50/sf, 2010 Est Ops @ $17.18/sf","(40.76128, -73.984168)",1,10019,40.76128,-73.984168,5,3,125,1024802,1010210045,Midtown-Midtown South                                                      
717 Seventh Ave,,,Times Square,Midtown,Manhattan,Retail,,Existing,1920,,5,,,N,,0.0453,6890,1378,0,,100,-,,,,,,,,,,,C6,,,2011 Tax @ $61.86/sf,2011 Tax @ $61.86/sf,"(40.759694, -73.984265)",1,10036,40.759694,-73.984265,5,4,125,1022686,1010000062,Midtown-Midtown South                                                      
151 W 46th St,,,Times Square,Midtown,Manhattan,Office,C,Existing,1927,,16,10675000,3/14/1997,N,,0.1148,63162,5000,3,,96.04,Negotiable,,,2500,0,2500,0,2500,2500,2500,,"C6-5.5, New York",,,"2010 Tax @ $7.21/sf, 2011 Est Tax @ $7.65/sf; 2007 Ops @ $18.65/sf, 2011 Est Ops @ $7.81/sf","2010 Tax @ $7.21/sf, 2011 Est Tax @ $7.65/sf; 2007 Ops @ $18.65/sf, 2011 Est Ops @ $7.81/sf","(40.757998, -73.983667)",1,10036,40.757998,-73.983667,5,4,125,1022663,1009990009,Midtown-Midtown South                                                      
1 Bryant Park,Bank of America Tower,,Times Square,Midtown,Manhattan,Office,A,Existing,2009,,51,,,N,,2.0061,2118441,34580,0,,98.12,65,,,39761,7168,39761,7168,24211,24211,46929,"Bus Line, LEED Certified - Platinum, LEED Registered, Metro/Subway, Restaurant",C6-6,,,"2011 Tax @ $27.14/sf; 2011 Ops @ $20.74/sf, 2010 Est Ops @ $22.68/sf","2011 Tax @ $27.14/sf; 2011 Ops @ $20.74/sf, 2010 Est Ops @ $22.68/sf","(40.755182, -73.98388)",1,10036,40.755182,-73.98388,5,4,119,1087268,1009950033,Midtown-Midtown South                                                      
4 Times Sq,,,Times Square,Midtown,Manhattan,Office,A,Existing,1999,,48,,,N,,1.0514,1755000,31456,32,,97.42,Negotiable,,,45366,37281,45366,37281,45366,37281,82647,"Bus Line, Energy Star Labeled, Metro/Subway","NZS, C6-5.5",,,"2010 Tax @ $0.42/sf, 2011 Est Tax @ $0.30/sf; 2011 Est Ops @ $17.27/sf","2010 Tax @ $0.42/sf, 2011 Est Tax @ $0.30/sf; 2011 Est Ops @ $17.27/sf","(40.756181, -73.986244)",1,10036,40.756181,-73.986244,5,4,119,1085682,1009950005,Midtown-Midtown South                                                      
727 Seventh Ave,,,Times Square,Midtown,Manhattan,Retail,,Existing,1920,2003,6,,,N,,0.06,17500,2500,0,,100,54.29,Sublet - Plus Electric,,0,17500,0,0,17500,2500,17500,,C6-7T,,,"2011 Tax @ $11.42/sf; 2011 Ops @ $6.10/sf, 2010 Est Ops @ $7.41/sf","2011 Tax @ $11.42/sf; 2011 Ops @ $6.10/sf, 2010 Est Ops @ $7.41/sf","(40.760059, -73.984005)",1,10019,40.760059,-73.984005,5,4,125,1022690,1010010004,Midtown-Midtown South                                                      
300-304 W 44th St,,,Times Square,Midtown,Manhattan,Office,C,Existing,1930,,4,,,N,,0.06,9483,2370,0,,100,-,,,,,,,,,,"Corner Lot, Street parking only",C6-4,,,2008 Tax @ $10.44/sf,2008 Tax @ $10.44/sf,"(40.758706, -73.989276)",1,10036,40.758706,-73.989276,4,3,121,1088460,1010340037,Clinton                                                                    
305 W 44th St,,,Times Square,Midtown,Manhattan,Office,B,Existing,1928,,5,,,N,,0.23,20676,4135,0,,100,-,,,,,,,,,,,C6-4,,,2011 Tax @ $12.78/sf; 2011 Est Ops @ $30.63/sf,2011 Tax @ $12.78/sf; 2011 Est Ops @ $30.63/sf,"(40.758756, -73.989344)",1,10036,40.758756,-73.989344,4,3,121,1024991,1010350029,Clinton                                                                    
797 Eighth Ave,,,Times Square,Midtown,Manhattan,Office,C,Existing,1925,,4,2100000,8/18/1994,N,,0.0539,8700,2000,0,,100,-,,,,,,,,,,,C6-4,,,2010 Tax @ $22.78/sf; 2010 Est Ops @ $13.23/sf,2010 Tax @ $22.78/sf; 2010 Est Ops @ $13.23/sf,"(40.761253, -73.986871)",1,10019,40.761253,-73.986871,4,3,127,1025143,1010390031,Clinton                                                                    
1 Times Sq,1 Times Square,,Times Square,Midtown,Manhattan,Office,B,Existing,1904,1967,25,110000000,6/26/1993,N,,0.1904,117000,5950,4,,100,-,,,,,,,,,,"Metro/Subway, On Site Management, Property Manager on Site, Signage","C6-7, New York",,,"2011 Tax @ $21.10/sf; 2011 Ops @ $14.82/sf, 2010 Est Ops @ $13.99/sf","2011 Tax @ $21.10/sf; 2011 Ops @ $14.82/sf, 2010 Est Ops @ $13.99/sf","(40.756628, -73.986287)",1,10036,40.756628,-73.986287,5,3,119,1022581,1009950001,Midtown-Midtown South                                                      
745 Seventh Ave,Barclays Capital Building,,Times Square,Midtown,Manhattan,Office,A,Existing,2002,,32,171450000,9/21/2004,N,,1.4339,1035180,32349,18,,100,-,,,,,,,,,,"24/7 Building Access, Commuter Rail","Commercial, New York",,,2010 Tax @ $16.04/sf; 2010 Est Ops @ $19.51/sf,2010 Tax @ $16.04/sf; 2010 Est Ops @ $19.51/sf,"(40.760605, -73.983612)",1,10019,40.760605,-73.983612,5,4,125,1084667,1010020001,Midtown-Midtown South                                                      
254 W 47th St,,,Times Square,Midtown,Manhattan,Retail,,Existing,1925,,5,7500000,1/23/2002,N,,0.058,10750,2150,1,,100,-,,,,,,,,,,,"C6-5, New York, L8",,,2010 Tax @ $5.24/sf; 2010 Est Ops @ $9.77/sf,2010 Tax @ $5.24/sf; 2010 Est Ops @ $9.77/sf,"(40.759919, -73.986348)",1,10036,40.759919,-73.986348,5,3,125,1024746,1010180056,Midtown-Midtown South                                                      
777 Eighth Ave,,,Times Square,Midtown,Manhattan,Office,C,Existing,1930,,3,,,N,,0.1148,17000,5000,1,,41.18,27,Direct - Plus Electric,,10000,0,10000,0,10000,5000,10000,,C6-4,,,"2011 Tax @ $11.89/sf; 2011 Ops @ $7.49/sf, 2010 Est Ops @ $11.68/sf","2011 Tax @ $11.89/sf; 2011 Ops @ $7.49/sf, 2010 Est Ops @ $11.68/sf","(40.76068, -73.987287)",1,10036,40.76068,-73.987287,4,3,127,1025101,1010380031,Clinton                                                                    
334-338 W 46th St,,,Times Square,Midtown,Manhattan,Retail,,Existing,1920,,4,,,N,,0.2537,15576,3894,0,,100,-,,,,,,,,,,,R8,,,2008 Tax @ $3.43/sf,2008 Tax @ $3.43/sf,"(40.760254, -73.989045)",1,10036,40.760254,-73.989045,4,3,121,1025018,1010360047,Clinton                                                                    
232 W 48th St,,,Times Square,Midtown,Manhattan,Retail,,Existing,1910,,4,1630000,9/23/1995,N,,0.039,3460,800,0,,100,-,,,,,,,,,,,"C65, New York",,,2010 Tax @ $12.72/sf; 2010 Est Ops @ $7.51/sf,2010 Tax @ $12.72/sf; 2010 Est Ops @ $7.51/sf,"(40.760441, -73.985622)",1,10036,40.760441,-73.985622,5,3,125,1024770,1010190054,Midtown-Midtown South                                                      
230 W 41st St,The New Herald Tribune Bldg,,Times Square,Midtown,Manhattan,Office,B,Existing,1923,2002,20,59990000,7/13/2000,N,,0.6428,302000,26500,8,,100,Negotiable,Direct - Plus Electric,,37248,7899,0,7899,13340,9009,45147,On Site Management,"M1-6, New York",,,"2011 Tax @ $6.44/sf; 2011 Ops @ $17.36/sf, 2010 Est Ops @ $16.12/sf","2011 Tax @ $6.44/sf; 2011 Ops @ $17.36/sf, 2010 Est Ops @ $16.12/sf","(40.755802, -73.988482)",1,10036,40.755802,-73.988482,5,3,113,1080830,1010120015,Midtown-Midtown South                                                      
240 W 52nd St,,,Columbus Circle,Midtown,Manhattan,Retail,,Existing,1920,,5,,,N,,0.0918,14300,2860,0,,0,Negotiable,,,14300,0,14300,0,14300,4000,14300,,C6-5,,,2008 Tax @ $4.94/sf,2008 Tax @ $4.94/sf,"(40.762999, -73.983922)",1,10019,40.762999,-73.983922,5,3,131,1080862,1010230053,Midtown-Midtown South                                                      
213 W 40th St,,,Times Square,Midtown,Manhattan,Office,C,Existing,1910,,6,2800000,8/1/1996,N,,0.0574,14000,2500,0,,100,Negotiable,Direct - Plus Electric,,1700,0,0,0,1700,1700,1700,24/7 Building Access,"M1-6, Manhattan",,,"2011 Tax @ $5.34/sf; 2011 Ops @ $5.13/sf, 2010 Est Ops @ $7.05/sf","2011 Tax @ $5.34/sf; 2011 Ops @ $5.13/sf, 2010 Est Ops @ $7.05/sf","(40.755039, -73.988554)",1,10018,40.755039,-73.988554,5,3,113,1024645,1010120025,Midtown-Midtown South                                                      
725 Seventh Ave,,,Times Square,Midtown,Manhattan,Office,C,Existing,1920,,5,,,N,,0.0574,10625,2125,0,,100,-,,,,,,,,,,,C6-7T,,,"2010 Tax @ $27.25/sf; 1995 Ops @ $7.36/sf, 2010 Est Ops @ $24.96/sf","2010 Tax @ $27.25/sf; 1995 Ops @ $7.36/sf, 2010 Est Ops @ $24.96/sf","(40.760018, -73.984038)",1,10019,40.760018,-73.984038,5,4,125,1022689,1010010003,Midtown-Midtown South                                                      
1601-1611 Broadway,Crowne Plaza,,Times Square,Midtown,Manhattan,Office,A,Existing,1989,,48,,,N,,0.8996,200533,28418,7,,100,36,Sublet - Plus Electric,,0,50086,0,50086,50086,25693,50086,"Concierge, Conferencing Facility, Fitness Center, Hotel, Property Manager on Site, Restaurant",C6-7.5,,,2008 Tax @ $32.64/sf,2008 Tax @ $32.64/sf,"(40.760375, -73.985189)",1,10036,40.760375,-73.985189,5,3,125,1076195,1010200046,Midtown-Midtown South                                                      
355-365 W 46th St,,,Times Square,Midtown,Manhattan,Office,B,Existing,1920,,4,,,N,,0.0459,8000,2000,1,,100,-,,,,,,,,,,,R8,,,2001 Tax @ $3.42/sf; 2001 Ops @ $4.45/sf,2001 Tax @ $3.42/sf; 2001 Ops @ $4.45/sf,"(40.760441, -73.989438)",1,10036,40.760441,-73.989438,4,3,127,1025046,1010370009,Clinton                                                                    
353 W 46th St,,,Times Square,Midtown,Manhattan,Office,C,Existing,1910,,4,2000000,11/29/1997,N,,0.0436,4043,1025,0,,100,-,,,,,,,,,,,"R-8, New York",,,2010 Tax @ $6.09/sf; 2010 Est Ops @ $10.39/sf,2010 Tax @ $6.09/sf; 2010 Est Ops @ $10.39/sf,"(40.760425, -73.989398)",1,10036,40.760425,-73.989398,4,3,127,1025082,1010370109,Clinton                                                                    
7 Times Sq,Times Square Tower,,Times Square,Midtown,Manhattan,Office,A,Existing,2004,,48,,,N,,0.5153,1238797,25808,26,,98.11,74.41,Direct - Plus Electric,,29210,17584,23437,17584,17584,17584,46794,"Bus Line, Corner Lot, Energy Star Labeled, LEED Registered, Metro/Subway",NZS,,,2011 Tax @ $13.85/sf; 2011 Est Ops @ $13.38/sf,2011 Tax @ $13.85/sf; 2011 Est Ops @ $13.38/sf,"(40.755915, -73.986681)",1,10036,40.755915,-73.986681,5,3,113,1086069,1009940001,Midtown-Midtown South                                                      
215-219 W 42nd St,,,Times Square,Midtown,Manhattan,Retail,,Existing,1919,,6,,,N,,0.4723,30392,7500,0,,100,-,,,,,,,,,,,C6-7.5,,,2010 Tax @ $0.82/sf,2010 Tax @ $0.82/sf,"(40.756351, -73.987677)",1,10036,40.756351,-73.987677,5,3,119,1024684,1010140020,Midtown-Midtown South                                                      
725 Eighth Ave,,,Times Square,Midtown,Manhattan,Retail,,Existing,1925,,4,,,N,,0.04,6600,1800,0,,100,-,,,,,,,,,,,C6-4,,,2010 Tax @ $26.02/sf; 2010 Est Ops @ $5.74/sf,2010 Tax @ $26.02/sf; 2010 Est Ops @ $5.74/sf,"(40.759513, -73.988146)",1,10036,40.759513,-73.988146,4,3,121,1025012,1010360033,Clinton                                                                    
300 W 43rd St,,,Times Square,Midtown,Manhattan,Office,C,Existing,1928,,6,,,N,,0.287,72038,12006,3,,100,45,Direct - Plus Electric,,3600,17316,0,0,2500,2500,20916,,C6-4,,,"2011 Tax @ $5.36/sf; 2011 Ops @ $14.24/sf, 2010 Est Ops @ $15.49/sf","2011 Tax @ $5.36/sf; 2011 Ops @ $14.24/sf, 2010 Est Ops @ $15.49/sf","(40.758081, -73.989731)",1,10036,40.758081,-73.989731,4,3,121,1083728,1010330036,Clinton                                                                    
307-311 W 46th St,,,Times Square,Midtown,Manhattan,Retail,,Existing,,,1,15813790,8/16/2003,N,,0.14,5280,5281,0,,100,-,,,,,,,,,,,R8 (G6),,,2010 Tax @ $10.41/sf; 2010 Est Ops @ $1.98/sf,2010 Tax @ $10.41/sf; 2010 Est Ops @ $1.98/sf,"(40.760029, -73.988467)",1,10036,40.760029,-73.988467,4,3,127,,,Clinton                                                                    
741-743 Eighth Ave,,,Times Square,Midtown,Manhattan,Retail,,Existing,1920,,5,,,N,,0.13,17465,3493,0,,100,-,,,,,,,,,,,C6-4,,,2008 Tax @ $8.10/sf,2008 Tax @ $8.10/sf,"(40.759988, -73.987792)",1,10036,40.759988,-73.987792,4,3,127,1089687,1010377501,Clinton                                                                    
1600 Broadway,,,Times Square,Midtown,Manhattan,Retail,,Existing,2006,,2,,,N,,,30000,12000,0,,100,-,,,,,,,,,,,,,,,,"(40.76035, -73.984713)",1,10019,40.76035,-73.984713,5,4,125,1087187,1010207502,Midtown-Midtown South                                                      
732 Eighth Ave,,,Times Square,Midtown,Manhattan,Retail,,Existing,1910,,4,1450000,3/2/2004,N,,0.044,4621,1155,0,,100,-,,,,,,,,,,,"C6-4, County",,,2008 Tax @ $13.21/sf,2008 Tax @ $13.21/sf,"(40.759401, -73.988204)",1,10036,40.759401,-73.988204,5,3,119,1024721,1010170004,Midtown-Midtown South                                                      
366 W 46th St,,,Times Square,Midtown,Manhattan,Retail,,Existing,1920,2002,5,3700000,5/11/2006,N,,0.0386,3200,1600,0,,100,-,,,,,,,,,,"Mezzanine, Signage, Street parking only",C1-5/R-8,,,2010 Tax @ $7.50/sf; 2010 Ops @ $12.81/sf,2010 Tax @ $7.50/sf; 2010 Ops @ $12.81/sf,"(40.760532, -73.989691)",1,10036,40.760532,-73.989691,4,3,121,1025034,1010360159,Clinton                                                                    
234-236 W 44th St,,,Times Square,Midtown,Manhattan,Office,B,Existing,1927,,11,,,N,,0.1309,53200,5200,2,,94.47,45,Direct - Modified Gross,,2944,0,2944,0,1884,1884,2944,,C6-5,,,"2011 Tax @ $5.77/sf; 2011 Ops @ $14.65/sf, 2010 Est Ops @ $15.04/sf","2011 Tax @ $5.77/sf; 2011 Ops @ $14.65/sf, 2010 Est Ops @ $15.04/sf","(40.757921, -73.987421)",1,10036,40.757921,-73.987421,5,3,119,1024707,1010150049,Midtown-Midtown South                                                      
318-320 W 46th St,,,Times Square,Midtown,Manhattan,Office,B,Existing,1928,,6,,,N,,0.101,24308,4051,0,,100,-,,,,,,,,,,,R8,,,2008 Tax @ $4.28/sf,2008 Tax @ $4.28/sf,"(40.760117, -73.98872)",1,10036,40.760117,-73.98872,4,3,121,1025014,1010360041,Clinton                                                                    
711 Seventh Ave,,,Times Square,Midtown,Manhattan,Retail,,Existing,1925,,3,,,N,,0.1377,17400,3341,0,,100,-,,,,,,,,,,,C6-7T,,,"2011 Tax @ $24.32/sf; 2011 Ops @ $16.42/sf, 2010 Est Ops @ $19.34/sf","2011 Tax @ $24.32/sf; 2011 Ops @ $16.42/sf, 2010 Est Ops @ $19.34/sf","(40.759543, -73.98437)",1,10036,40.759543,-73.98437,5,4,125,1022687,1010000064,Midtown-Midtown South                                                      
233 W 49th St,,,Times Square,Midtown,Manhattan,Office,C,Existing,1948,,9,6100000,12/14/1995,N,,0.124,48600,5400,0,,100,-,,,,,,,,,,,"C65, New York",,,2001 Tax @ $3.14/sf; 2001 Ops @ $4.52/sf,2001 Tax @ $3.14/sf; 2001 Ops @ $4.52/sf,"(40.761102, -73.985218)",1,10019,40.761102,-73.985218,5,3,125,1088603,1010217501,Midtown-Midtown South                                                      
1619 Broadway,Brill Bldg,,Times Square,Midtown,Manhattan,Office,B,Existing,1931,,11,151000000,11/5/2003,N,,0.3444,175000,15909,4,,100,55,Sublet - Plus Electric,,43644,6972,0,6972,31417,12227,50616,Corner Lot,C6-7.5,,,"2011 Tax @ $11.06/sf; 2011 Ops @ $12.55/sf, 2010 Est Ops @ $13.02/sf","2011 Tax @ $11.06/sf; 2011 Ops @ $12.55/sf, 2010 Est Ops @ $13.02/sf","(40.761058, -73.98433)",1,10019,40.761058,-73.98433,5,3,125,1024793,1010210019,Midtown-Midtown South                                                      
370-372 W 46th St,,,Times Square,Midtown,Manhattan,Retail,,Existing,1920,,4,,,N,,0.0248,10233,2558,0,,94.14,30,,,600,0,600,0,600,600,600,,R8,,,2008 Tax @ $2.16/sf,2008 Tax @ $2.16/sf,"(40.760565, -73.989774)",1,10036,40.760565,-73.989774,4,3,121,1025035,1010360161,Clinton                                                                    
156-158 W 48th St,,,Times Square,Midtown,Manhattan,Retail,,Existing,1920,1969,5,,,N,,0.0781,11796,2359,0,,100,-,,,,,,,,,,Signage,C6-5.5,,,2010 Tax @ $16.28/sf; 2010 Est Ops @ $12.93/sf,2010 Tax @ $16.28/sf; 2010 Est Ops @ $12.93/sf,"(40.759296, -73.982905)",1,10105,40.759296,-73.982905,5,4,125,1022681,1010000056,Midtown-Midtown South                                                      
832 Eighth Ave,,,Columbus Circle,Midtown,Manhattan,Office,C,Existing,1920,,4,,,N,,0.3444,6000,1200,0,,100,-,,,,,,,,,,,C6-4,,,"2011 Tax @ $5.48/sf; 2011 Ops @ $28.52/sf, 2010 Est Ops @ $6.48/sf","2011 Tax @ $5.48/sf; 2011 Ops @ $28.52/sf, 2010 Est Ops @ $6.48/sf","(40.762444, -73.985983)",1,10019,40.762444,-73.985983,5,3,131,1024809,1010220002,Midtown-Midtown South                                                      
225-229 W 42nd St,The New 42nd St Studios,,Times Square,Midtown,Manhattan,Retail,,Existing,2000,,10,,,N,,0.3089,84000,7500,2,,100,-,,,,,,,,,,,C6-5,,,2010 Tax @ $12.95/sf; 2010 Est Ops @ $15.71/sf,2010 Tax @ $12.95/sf; 2010 Est Ops @ $15.71/sf,"(40.756508, -73.988042)",1,10036,40.756508,-73.988042,5,3,119,1024683,1010140017,Midtown-Midtown South                                                      
373 W 46th St,,,Times Square,Midtown,Manhattan,Retail,,Existing,1920,,4,,,N,,0.0231,2880,720,0,,100,-,,,,,,,,,,,R8,,,2010 Tax @ $4.08/sf; 2010 Est Ops @ $8.68/sf,2010 Tax @ $4.08/sf; 2010 Est Ops @ $8.68/sf,"(40.760598, -73.989803)",1,10036,40.760598,-73.989803,4,3,127,1025077,1010370101,Clinton                                                                    
244 W 48th St,,,Times Square,Midtown,Manhattan,Retail,,Existing,1910,,4,,,N,,0.0424,8958,2239,0,,100,-,,,,,,,,,,,C6-5,,,2008 Tax @ $5.56/sf,2008 Tax @ $5.56/sf,"(40.76052, -73.985817)",1,10036,40.76052,-73.985817,5,3,125,1024765,1010190059,Midtown-Midtown South                                                      
1585 Broadway,Morgan Stanley Bldg,,Times Square,Midtown,Manhattan,Office,A,Existing,1990,,41,,,N,,1.31,1350000,57062,26,,99.95,Negotiable,,,626,0,626,0,626,626,626,"Bus Line, Commuter Rail, Concierge, Fitness Center, Metro/Subway, On Site Management, Property Manager on Site",C6-7.5,,,,,"(40.760216, -73.985334)",1,10036,40.760216,-73.985334,5,3,125,1076193,1010197502,Midtown-Midtown South                                                      
1625 Broadway,,,Times Square,Midtown,Manhattan,Retail,,Existing,1942,,2,,,N,,0.0467,5000,2500,0,,100,-,,,,,,,,,,,C6-7T,,,2009 Tax @ $31.43/sf,2009 Tax @ $31.43/sf,"(40.761223, -73.984207)",1,10019,40.761223,-73.984207,5,3,125,1024801,1010210043,Midtown-Midtown South                                                      
253 W 51st St,,,Columbus Circle,Midtown,Manhattan,Office,B,Existing,1991,,3,,,N,,0.09,5309,1769,0,,88.7,60,Direct - Full Service Gross,,600,0,600,0,600,600,600,,C6-4,,,"2010 Tax @ $10.47/sf, 2011 Est Tax @ $10.35/sf; 2011 Est Ops @ $2.75/sf","2010 Tax @ $10.47/sf, 2011 Est Tax @ $10.35/sf; 2011 Est Ops @ $2.75/sf","(40.762491, -73.984618)",1,10019,40.762491,-73.984618,5,3,131,1082805,1010230104,Midtown-Midtown South                                                      
140a W 46th St,,,Times Square,Midtown,Manhattan,Retail,,Existing,1920,,5,,,N,,0.0344,6358,1272,0,,100,-,,,,,,,,,,,C6-5.5,,,2009 Tax @ $6.23/sf,2009 Tax @ $6.23/sf,"(40.757899, -73.983479)",1,10036,40.757899,-73.983479,5,4,119,,,Midtown-Midtown South                                                      
750 Eighth Ave,Retail Portion of Res. Bldg.,,Times Square,Midtown,Manhattan,Retail,,Existing,2008,,43,16250000,3/21/2007,N,,0.3444,31431,15000,0,,78.49,225,Direct - Plus Electric,,6761,0,6761,0,6761,6761,6761,Street parking only,"C6-4, New York, (L8)",,,,,"(40.759878, -73.98785)",1,10036,40.759878,-73.98785,5,3,125,1024736,1010187502,Midtown-Midtown South                                                      
1633 Broadway,Paramount Plaza,,Columbus Circle,Midtown,Manhattan,Office,A,Existing,1971,1989,48,980000000,8/14/2007,N,,2.0764,2438049,47701,40,,87.51,56.3,Direct - Plus Electric,,304562,31791,304562,6915,222517,50144,336353,"24/7 Building Access, Energy Star Labeled, Fitness Center, Metro/Subway, On Site Management",C6-7.5,,0.1,"2010 Tax @ $11.10/sf, 2011 Est Tax @ $10.98/sf; 2001 Ops @ $17.79/sf, 2011 Est Ops @ $15.81/sf","2010 Tax @ $11.10/sf, 2011 Est Tax @ $10.98/sf; 2001 Ops @ $17.79/sf, 2011 Est Ops @ $15.81/sf","(40.761574, -73.983962)",1,10019,40.761574,-73.983962,5,3,131,1024812,1010220043,Midtown-Midtown South                                                      
343 W 46th St,,,Times Square,Midtown,Manhattan,Retail,,Existing,1915,,3,3600000,9/17/2003,N,,0.0436,4832,1611,0,,100,-,,,,,,,,,,"Mixed Use, Restaurant",R8/C1-5,,,2008 Tax @ $7.32/sf,2008 Tax @ $7.32/sf,"(40.76034, -73.989196)",1,10036,40.76034,-73.989196,4,3,127,1025083,1010370113,Clinton                                                                    
147-149 W 46th St,,,Times Square,Midtown,Manhattan,Retail,,Existing,1920,2006,4,18000000,10/6/2006,N,,0.0867,13460,3308,0,,100,-,,,,,,,,,,,C6-5.5,,,2010 Tax @ $12.96/sf; 2010 Est Ops @ $4.12/sf,2010 Tax @ $12.96/sf; 2010 Est Ops @ $4.12/sf,"(40.757965, -73.983587)",1,10036,40.757965,-73.983587,5,4,125,1022675,1009990111,Midtown-Midtown South                                                      
253 W 43rd St,,,Times Square,Midtown,Manhattan,Retail,,Existing,,,5,,,N,,,17987,3597,0,,100,-,,,,,,,,,,,,,,,,"(40.757342, -73.987933)",1,10036,40.757342,-73.987933,5,3,119,1024705,1010150010,Midtown-Midtown South                                                      
262 W 41st St,,,Times Square,Midtown,Manhattan,Office,C,Existing,1923,,8,,,N,,0.1134,35600,4450,0,,100,-,,,,,,,,,,Property Manager on Site,C6-7.5,,,,,"(40.756074, -73.989128)",1,10036,40.756074,-73.989128,5,3,113,1087186,1010127501,Midtown-Midtown South                                                      
121 W 45th St,Connolly's Pub,,Times Square,Midtown,Manhattan,Retail,,Existing,1920,,3,4500000,8/7/1998,N,,0.0715,9429,3143,0,,100,-,,,,,,,,,,,"C6-5.5, New York",,,"2011 Tax @ $14.91/sf; 2011 Ops @ $7.08/sf, 2010 Est Ops @ $6.38/sf","2011 Tax @ $14.91/sf; 2011 Ops @ $7.08/sf, 2010 Est Ops @ $6.38/sf","(40.75713, -73.983533)",1,10036,40.75713,-73.983533,5,4,119,1022638,1009980021,Midtown-Midtown South                                                      
11 Times Sq,Eleven Times Square,,Times Square,Midtown,Manhattan,Office,A,Existing,2010,,40,,,N,,0.06,1111960,27727,0,24,38.09,Negotiable,,,688417,0,633417,0,353551,40856,688417,"24/7 Building Access, A/C, Atrium, Bus Line, Card Key Access, Commuter Rail, Concierge, Corner Lot, LEED Certified - Gold, LEED Registered, Mail Room, Metro/Subway, On Site Management, Property Manager on Site, Restaurant, Signage",C6-7,,,,,"(40.756898, -73.990023)",1,10036,40.756898,-73.990023,5,3,113,1087978,1010137501,Midtown-Midtown South                                                      
141 W 41st St,,,Penn Plaza/Garment,Midtown,Manhattan,Office,C,Existing,1900,,5,4500000,1/31/2004,N,,0.0562,8545,1375,1,,82.45,60.45,Direct - Plus Electric,,6700,0,1500,0,5200,2200,6700,Food Service,C5-3,,,"2011 Tax @ $7.33/sf; 2001 Ops @ $6.48/sf, 2011 Est Ops @ $9.16/sf","2011 Tax @ $7.33/sf; 2001 Ops @ $6.48/sf, 2011 Est Ops @ $9.16/sf","(40.754756, -73.985956)",1,10036,40.754756,-73.985956,5,4,113,1022574,1009940016,Midtown-Midtown South                                                      
690-692 Eighth Ave,,,Times Square,Midtown,Manhattan,Office,C,Existing,1920,,6,,,N,,0.1148,15000,2500,1,,100,-,Direct - Plus Electric,,,,,,,,,,C6-5,,,2001 Tax @ $14.92/sf; 2001 Ops @ $48.69/sf,2001 Tax @ $14.92/sf; 2001 Ops @ $48.69/sf,"(40.758273, -73.98902)",1,10036,40.758273,-73.98902,5,3,119,1024710,1010150059,Midtown-Midtown South                                                      
